2026-04-11 17:19:31,0.0,55.9,28,38.0,81.5,N/A
2026-04-11 17:19:31,13.1,55.6,24,38.0,81.5,N/A
====================,==========,==========,==========,==========,==========
[頗趕賦旰] 2026-04-11 17:19:32,-,-,-,-,-
====================,==========,==========,==========,==========,==========
2026-04-11 17:19:36,11.8,52.6,27,38.0,81.5,N/A
2026-04-11 17:19:37,10.9,52.4,26,38.0,81.5,N/A
2026-04-11 17:19:37,13.1,52.3,26,38.0,81.5,N/A
2026-04-11 17:19:38,12.1,52.0,23,38.0,81.5,N/A
2026-04-11 17:19:38,15.6,52.0,23,39.0,81.5,N/A
2026-04-11 17:19:39,14.9,51.9,22,39.0,81.5,N/A
2026-04-11 17:19:39,7.3,51.9,22,40.0,81.5,N/A
2026-04-11 17:19:40,13.7,51.6,9,40.0,81.5,N/A
2026-04-11 17:19:40,14.7,51.6,9,39.0,81.5,N/A
2026-04-11 17:19:41,13.9,51.5,17,38.0,81.5,N/A
2026-04-11 17:19:41,14.7,51.6,17,38.0,81.5,N/A
2026-04-11 17:19:42,18.8,52.0,26,38.0,81.5,N/A
2026-04-11 17:19:42,31.9,52.8,26,38.0,81.5,N/A
2026-04-11 17:19:43,81.5,57.9,31,38.0,81.5,N/A
====================,==========,==========,==========,==========,==========
[頗趕賦旰] 2026-04-11 17:19:43,-,-,-,-,-
====================,==========,==========,==========,==========,==========
2026-04-11 17:22:22,0.0,55.9,22,38.0,81.5,N/A
2026-04-11 17:22:22,20.3,55.6,23,38.0,81.5,N/A
2026-04-11 17:22:23,15.3,55.3,23,38.0,81.5,N/A
2026-04-11 17:22:23,17.8,54.9,30,38.0,81.5,N/A
2026-04-11 17:22:24,17.3,54.6,30,38.0,81.5,N/A
2026-04-11 17:22:24,15.6,54.4,25,38.0,81.5,N/A
2026-04-11 17:22:25,10.1,54.0,25,38.0,81.5,N/A
2026-04-11 17:22:25,11.9,53.8,24,38.0,81.5,N/A
====================,==========,==========,==========,==========,==========
[頗趕賦旰] 2026-04-11 17:22:25,-,-,-,-,-
====================,==========,==========,==========,==========,==========
2026-04-11 17:27:13,0.0,59.0,71.1,24,38.0,81.5
2026-04-11 17:27:13,14.0,58.6,71.1,24,38.0,81.5
2026-04-11 17:27:14,12.7,58.1,71.1,22,38.0,81.5
2026-04-11 17:27:14,17.4,57.6,71.1,22,38.0,81.5
2026-04-11 17:27:15,18.7,57.3,71.1,25,38.0,81.5
2026-04-11 17:27:15,17.1,56.9,71.0,25,38.0,81.5
2026-04-11 17:27:16,15.2,56.5,71.1,30,38.0,81.5
2026-04-11 17:27:16,15.9,56.1,71.0,30,38.0,81.5
2026-04-11 17:27:17,14.4,55.9,71.1,27,38.0,81.5
2026-04-11 17:27:17,46.3,56.6,70.6,27,38.0,81.5
2026-04-11 17:27:18,12.4,56.4,70.5,28,38.0,81.5
2026-04-11 17:27:18,16.5,56.0,70.5,28,38.0,81.5
2026-04-11 17:27:19,19.5,55.8,70.5,29,38.0,81.5
2026-04-11 17:27:19,19.2,55.5,70.5,29,38.0,81.5
2026-04-11 17:27:20,23.1,55.4,70.6,31,38.0,81.5
2026-04-11 17:27:20,38.8,55.5,70.6,31,38.0,81.5
2026-04-11 17:27:21,13.5,55.4,70.6,27,39.0,81.5
====================,==========,==========,==========,==========,==========
[頗趕賦旰] 2026-04-11 17:27:21,-,-,-,-,-
====================,==========,==========,==========,==========,==========
2026-04-11 17:37:47,0.0,57.0,69.5,22,39.0,81.5
2026-04-11 17:37:47,17.9,56.6,69.5,33,38.0,81.5
2026-04-11 17:37:48,11.3,56.1,69.5,33,38.0,81.5
2026-04-11 17:37:48,15.3,55.8,69.5,25,38.0,81.5
2026-04-11 17:37:49,16.9,55.4,69.5,25,38.0,81.5
2026-04-11 17:37:49,14.1,55.0,69.5,27,38.0,81.5
2026-04-11 17:37:50,15.8,54.8,69.1,27,38.0,81.5
2026-04-11 17:37:50,16.3,54.5,69.2,24,38.0,81.5
2026-04-11 17:37:51,14.7,54.1,69.2,24,38.0,81.5
2026-04-11 17:37:51,40.8,55.4,68.7,31,38.0,81.5
2026-04-11 17:37:52,10.9,55.0,68.7,31,38.0,81.5
2026-04-11 17:37:52,18.0,54.8,68.8,31,38.0,81.5
2026-04-11 17:37:53,11.8,54.4,68.7,27,38.0,81.5
2026-04-11 17:37:53,13.2,54.3,68.8,27,38.0,81.5
2026-04-11 17:37:54,11.2,53.9,68.7,27,38.0,81.5
2026-04-11 17:37:54,16.3,53.8,68.8,27,38.0,81.5
2026-04-11 17:37:55,16.0,53.5,68.8,27,38.0,81.5
2026-04-11 17:37:55,12.3,53.3,68.8,27,38.0,81.5
2026-04-11 17:37:56,15.2,53.0,68.8,31,38.0,81.5
2026-04-11 17:37:56,21.1,53.1,68.8,31,38.0,81.5
2026-04-11 17:37:57,58.4,57.8,68.9,25,38.0,81.5
2026-04-11 17:37:57,42.1,57.8,69.0,25,38.0,81.5
2026-04-11 17:37:58,16.0,57.4,68.9,25,38.0,81.5
2026-04-11 17:37:58,15.2,57.0,69.0,25,38.0,81.5
2026-04-11 17:37:59,20.5,56.5,69.0,23,38.0,81.5
2026-04-11 17:37:59,19.1,56.3,69.0,23,38.0,81.5
2026-04-11 17:38:00,22.4,56.0,69.0,36,38.0,81.5
2026-04-11 17:38:00,22.5,55.9,69.0,36,38.0,81.5
2026-04-11 17:38:01,18.0,55.5,69.0,34,38.0,81.5
====================,==========,==========,==========,==========,==========
[頗趕賦旰] 2026-04-11 17:38:01,-,-,-,-,-
====================,==========,==========,==========,==========,==========
====================,==========,==========,==========,==========,==========
[頗趕賦旰] 2026-04-11 17:40:06,-,-,-,-,-
====================,==========,==========,==========,==========,==========
2026-04-11 17:40:09,0.0,54.8,70.0,25,38.0,81.5
2026-04-11 17:40:09,12.1,54.5,70.0,25,38.0,81.5
====================,==========,==========,==========,==========,==========
[頗趕賦旰] 2026-04-11 17:40:09,-,-,-,-,-
====================,==========,==========,==========,==========,==========
2026-04-11 17:49:49,0.0,54.9,69.0,23,38.0,81.5
2026-04-11 17:49:50,21.7,54.8,69.3,23,38.0,81.5
2026-04-11 17:49:50,14.6,54.4,69.3,24,38.0,81.5
2026-04-11 17:49:51,13.3,54.0,69.3,24,38.0,81.5
2026-04-11 17:49:51,16.1,53.8,69.3,28,38.0,81.5
2026-04-11 17:49:52,15.4,53.5,69.3,28,38.0,81.5
2026-04-11 17:49:52,13.2,53.3,69.3,25,38.0,81.5
2026-04-11 17:49:53,16.3,53.0,69.2,25,38.0,81.5
2026-04-11 17:49:53,14.1,52.8,69.4,22,38.0,81.5
2026-04-11 17:49:54,12.8,52.5,69.3,22,38.0,81.5
2026-04-11 17:49:54,12.3,52.4,69.4,20,38.0,81.5
2026-04-11 17:49:55,13.3,52.4,69.3,20,38.0,81.5
2026-04-11 17:49:55,15.2,52.4,69.4,27,38.0,81.5
2026-04-11 17:49:56,16.1,52.3,69.3,27,38.0,81.5
2026-04-11 17:49:56,13.9,52.3,69.4,27,38.0,81.5
2026-04-11 17:49:57,15.6,52.3,69.3,27,38.0,81.5
2026-04-11 17:49:57,15.7,52.3,69.4,25,38.0,81.5
2026-04-11 17:49:58,16.2,52.1,69.3,25,38.0,81.5
2026-04-11 17:49:58,10.8,52.1,69.3,25,38.0,81.5
2026-04-11 17:49:59,13.1,52.1,69.3,25,38.0,81.5
2026-04-11 17:49:59,13.8,52.1,69.3,30,38.0,81.5
2026-04-11 17:50:00,14.6,52.1,69.3,30,38.0,81.5
2026-04-11 17:50:00,13.8,52.1,69.3,27,38.0,81.5
2026-04-11 17:50:01,17.3,52.0,69.3,27,38.0,81.5
2026-04-11 17:50:01,17.2,52.0,69.3,25,38.0,81.5
2026-04-11 17:50:02,13.4,52.0,69.3,25,38.0,81.5
2026-04-11 17:50:02,16.2,52.1,69.3,27,38.0,81.5
2026-04-11 17:50:03,10.6,52.0,69.3,27,38.0,81.5
2026-04-11 17:50:03,18.8,55.0,69.3,31,38.0,81.5
2026-04-11 17:50:04,72.8,57.9,69.4,31,38.0,81.5
2026-04-11 17:50:04,20.0,57.8,69.4,25,38.0,81.5
2026-04-11 17:50:05,12.5,57.3,69.4,25,38.0,81.5
2026-04-11 17:50:05,12.1,56.9,69.4,25,38.0,81.5
2026-04-11 17:50:06,15.3,56.5,69.4,24,38.0,81.5
2026-04-11 17:50:06,14.5,56.1,69.4,24,38.0,81.5
2026-04-11 17:50:07,14.2,55.8,69.4,23,38.0,81.5
2026-04-11 17:50:07,15.9,55.4,69.4,23,38.0,81.5
2026-04-11 17:50:08,15.4,55.1,69.4,30,38.0,81.5
2026-04-11 17:50:08,15.5,54.9,69.4,30,38.0,81.5
2026-04-11 17:50:09,15.1,54.6,69.4,27,38.0,81.5
2026-04-11 17:50:09,16.4,54.4,69.4,27,38.0,81.5
2026-04-11 17:50:10,12.3,54.1,69.4,27,38.0,81.5
2026-04-11 17:50:10,12.1,53.9,69.4,27,38.0,81.5
2026-04-11 17:50:11,14.5,53.8,69.4,27,38.0,81.5
2026-04-11 17:50:11,16.1,53.6,69.4,27,38.0,81.5
2026-04-11 17:50:12,16.9,53.6,69.4,33,38.0,81.5
2026-04-11 17:50:12,15.8,53.5,69.5,33,38.0,81.5
2026-04-11 17:50:13,13.5,53.4,69.4,30,38.0,81.5
2026-04-11 17:50:13,15.0,53.4,69.5,30,38.0,81.5
2026-04-11 17:50:14,16.7,53.4,69.4,29,39.0,81.5
2026-04-11 17:50:14,31.4,54.0,69.5,29,39.0,81.5
2026-04-11 17:50:15,20.6,54.1,69.5,11,39.0,81.5
2026-04-11 17:50:15,22.5,54.5,69.2,11,39.0,81.5
2026-04-11 17:50:16,22.9,54.6,68.8,18,38.0,81.5
2026-04-11 17:50:16,10.3,54.4,68.9,18,38.0,81.5
2026-04-11 17:50:17,15.3,54.0,68.8,24,38.0,81.5
2026-04-11 17:50:17,9.6,53.8,68.9,24,38.0,81.5
2026-04-11 17:50:18,9.6,53.4,68.8,25,38.0,81.5
2026-04-11 17:50:18,10.2,53.1,68.9,25,38.0,81.5
2026-04-11 17:50:19,52.7,55.5,69.1,24,38.0,81.5
2026-04-11 17:50:19,16.7,55.4,69.2,24,38.0,81.5
2026-04-11 17:50:20,10.5,55.0,69.1,31,38.0,81.5
2026-04-11 17:50:20,11.1,54.6,69.2,31,38.0,81.5
2026-04-11 17:50:21,13.2,54.3,69.1,21,38.0,81.5
2026-04-11 17:50:21,13.3,53.9,69.2,21,38.0,81.5
2026-04-11 17:50:22,11.9,53.5,69.1,21,38.0,81.5
2026-04-11 17:50:22,16.2,53.4,69.2,21,38.0,81.5
2026-04-11 17:50:23,11.0,53.0,69.2,21,38.0,81.5
2026-04-11 17:50:23,16.5,52.9,69.2,21,38.0,81.5
2026-04-11 17:50:24,12.4,52.6,69.1,30,38.0,81.5
2026-04-11 17:50:24,12.1,52.5,69.2,30,38.0,81.5
2026-04-11 17:50:25,10.8,52.3,69.1,24,38.0,81.5
2026-04-11 17:50:25,12.9,52.1,69.2,24,38.0,81.5
2026-04-11 17:50:26,10.3,51.9,69.1,25,38.0,81.5
2026-04-11 17:50:26,12.4,51.8,69.2,25,38.0,81.5
2026-04-11 17:50:27,13.0,51.6,69.1,24,38.0,81.5
2026-04-11 17:50:27,14.4,51.6,69.2,24,38.0,81.5
2026-04-11 17:50:28,14.0,51.5,69.2,30,38.0,81.5
2026-04-11 17:50:28,9.3,51.4,69.2,30,38.0,81.5
2026-04-11 17:50:29,11.6,51.4,69.1,25,38.0,81.5
2026-04-11 17:50:29,10.1,51.3,69.2,25,38.0,81.5
2026-04-11 17:50:30,10.8,51.1,69.1,26,38.0,81.5
2026-04-11 17:50:30,11.9,51.1,69.2,26,38.0,81.5
2026-04-11 17:50:31,17.0,51.0,69.1,27,38.0,81.5
2026-04-11 17:50:31,17.4,51.1,69.2,27,38.0,81.5
2026-04-11 17:50:32,16.1,51.0,69.1,31,38.0,81.5
2026-04-11 17:50:32,14.1,51.0,69.2,31,38.0,81.5
2026-04-11 17:50:33,13.9,50.9,69.1,25,38.0,81.5
2026-04-11 17:50:33,9.6,50.8,69.2,25,38.0,81.5
2026-04-11 17:50:34,70.6,57.0,69.2,24,38.0,81.5
2026-04-11 17:50:34,25.1,56.9,69.2,24,38.0,81.5
2026-04-11 17:50:35,12.9,56.4,69.2,23,38.0,81.5
2026-04-11 17:50:35,13.4,56.0,69.2,23,38.0,81.5
2026-04-11 17:50:36,12.3,55.6,69.2,31,38.0,81.5
2026-04-11 17:50:36,10.6,55.3,69.2,31,38.0,81.5
2026-04-11 17:50:37,12.7,54.9,69.2,27,38.0,81.5
2026-04-11 17:50:37,13.8,54.6,69.2,27,38.0,81.5
2026-04-11 17:50:38,11.8,54.4,69.2,27,38.0,81.5
2026-04-11 17:50:38,16.0,54.0,69.3,27,38.0,81.5
2026-04-11 17:50:39,15.0,53.8,69.2,28,38.0,81.5
2026-04-11 17:50:39,17.3,53.8,69.3,28,38.0,81.5
2026-04-11 17:50:40,17.3,53.6,69.2,34,38.0,81.5
2026-04-11 17:50:40,17.8,53.6,69.2,34,39.0,81.5
2026-04-11 17:50:41,12.9,53.5,69.2,19,39.0,81.5
2026-04-11 17:50:41,10.7,53.6,69.2,19,39.0,81.5
2026-04-11 17:50:42,10.1,53.5,69.2,11,39.0,81.5
2026-04-11 17:50:42,11.4,53.5,69.3,11,38.0,81.5
2026-04-11 17:50:43,10.1,53.4,69.2,25,38.0,81.5
2026-04-11 17:50:43,12.9,53.4,69.2,25,38.0,81.5
2026-04-11 17:50:44,12.9,53.4,69.2,32,38.0,81.5
2026-04-11 17:50:44,10.9,53.3,69.2,32,38.0,81.5
2026-04-11 17:50:45,34.6,54.1,69.2,24,38.0,81.5
2026-04-11 17:50:45,17.5,54.3,69.3,24,38.0,81.5
2026-04-11 17:50:46,11.9,54.1,69.2,24,38.0,81.5
2026-04-11 17:50:46,13.7,54.0,69.3,24,38.0,81.5
2026-04-11 17:50:47,13.8,54.0,69.2,23,38.0,81.5
2026-04-11 17:50:47,12.4,53.9,69.3,23,38.0,81.5
2026-04-11 17:50:48,15.8,53.8,69.2,28,38.0,81.5
2026-04-11 17:50:48,20.0,54.1,69.4,28,38.0,81.5
2026-04-11 17:50:49,79.8,59.3,69.5,22,38.0,81.5
2026-04-11 17:50:49,48.3,60.3,69.5,22,38.0,81.5
====================,==========,==========,==========,==========,==========
[頗趕賦旰] 2026-04-11 17:50:49,-,-,-,-,-
====================,==========,==========,==========,==========,==========
2026-04-11 18:00:50,0.0,51.3,68.6,22,38.0,81.5
2026-04-11 18:00:50,10.4,51.1,68.6,22,38.0,81.5
2026-04-11 18:00:51,13.6,51.1,68.6,24,38.0,81.5
2026-04-11 18:00:51,15.2,50.9,68.6,24,38.0,81.5
2026-04-11 18:00:52,20.3,51.1,68.6,26,38.0,81.5
2026-04-11 18:00:52,8.5,51.0,68.6,26,38.0,81.5
2026-04-11 18:00:53,14.9,51.0,68.6,29,38.0,81.5
2026-04-11 18:00:53,11.9,50.9,68.6,29,38.0,81.5
2026-04-11 18:00:54,19.3,51.0,68.6,28,38.0,81.5
2026-04-11 18:00:54,9.6,50.9,68.6,28,38.0,81.5
2026-04-11 18:00:55,13.4,51.0,68.6,28,38.0,81.5
2026-04-11 18:00:55,12.9,51.3,68.6,28,38.0,81.5
2026-04-11 18:00:56,38.9,52.5,68.6,31,38.0,81.5
2026-04-11 18:00:56,11.3,52.3,68.6,31,38.0,81.5
2026-04-11 18:00:57,13.2,52.0,68.6,26,39.0,81.5
2026-04-11 18:00:57,8.8,51.9,68.6,26,40.0,81.5
2026-04-11 18:00:58,18.8,51.9,68.6,11,40.0,81.5
2026-04-11 18:00:58,75.4,58.0,68.7,11,39.0,81.5
2026-04-11 18:00:59,27.2,57.9,68.7,18,39.0,81.5
2026-04-11 18:00:59,12.9,57.5,68.6,18,38.0,81.5
2026-04-11 18:01:00,16.5,57.0,68.6,32,38.0,81.5
2026-04-11 18:01:00,13.4,56.6,68.6,32,38.0,81.5
2026-04-11 18:01:01,10.9,56.1,68.6,26,38.0,81.5
2026-04-11 18:01:01,16.8,55.8,68.6,26,38.0,81.5
2026-04-11 18:01:02,12.1,55.4,68.6,24,38.0,81.5
2026-04-11 18:01:02,14.6,55.0,68.5,24,38.0,81.5
2026-04-11 18:01:03,14.7,54.5,68.6,24,38.0,81.5
2026-04-11 18:01:03,10.5,54.1,68.6,24,38.0,81.5
2026-04-11 18:01:04,18.2,53.9,68.6,26,38.0,81.5
2026-04-11 18:01:04,13.9,53.5,68.6,26,38.0,81.5
2026-04-11 18:01:05,15.5,53.3,68.5,21,38.0,81.5
2026-04-11 18:01:05,12.6,53.0,68.6,21,38.0,81.5
2026-04-11 18:01:06,14.1,52.8,68.5,21,38.0,81.5
2026-04-11 18:01:06,12.0,52.5,68.5,21,38.0,81.5
2026-04-11 18:01:07,14.4,52.3,68.5,22,38.0,81.5
2026-04-11 18:01:07,15.8,52.0,68.5,22,38.0,81.5
2026-04-11 18:01:08,23.0,51.9,68.5,31,38.0,81.5
2026-04-11 18:01:08,12.3,51.6,68.5,31,38.0,81.5
2026-04-11 18:01:09,13.2,51.6,68.5,25,38.0,81.5
2026-04-11 18:01:09,10.2,51.4,68.5,25,38.0,81.5
2026-04-11 18:01:10,14.2,51.3,68.5,24,38.0,81.5
2026-04-11 18:01:10,7.3,51.1,68.6,24,38.0,81.5
2026-04-11 18:01:11,13.4,51.0,68.6,23,38.0,81.5
2026-04-11 18:01:11,10.3,50.8,68.5,23,38.0,81.5
2026-04-11 18:01:12,14.9,50.8,68.6,29,38.0,81.5
2026-04-11 18:01:12,10.8,50.8,68.6,29,38.0,81.5
2026-04-11 18:01:13,12.1,50.8,68.6,26,38.0,81.5
2026-04-11 18:01:13,51.9,53.8,68.7,26,38.0,81.5
2026-04-11 18:01:14,14.4,53.6,68.8,26,38.0,81.5
2026-04-11 18:01:14,14.7,53.4,68.8,26,38.0,81.5
2026-04-11 18:01:15,12.1,53.1,68.8,26,38.0,81.5
2026-04-11 18:01:15,11.6,52.9,68.7,26,38.0,81.5
2026-04-11 18:01:16,15.5,52.6,68.8,32,38.0,81.5
2026-04-11 18:01:16,13.5,52.4,68.8,32,38.0,81.5
2026-04-11 18:01:17,15.3,52.1,68.8,21,39.0,81.5
2026-04-11 18:01:17,8.0,51.9,68.8,21,39.0,81.5
2026-04-11 18:01:18,11.8,51.9,68.8,8,40.0,81.5
2026-04-11 18:01:18,9.1,51.6,68.8,8,40.0,81.5
2026-04-11 18:01:19,12.6,51.5,68.8,15,39.0,81.5
2026-04-11 18:01:19,8.8,51.3,68.7,15,38.0,81.5
2026-04-11 18:01:20,20.3,51.3,68.8,31,38.0,81.5
2026-04-11 18:01:20,11.4,51.1,68.8,31,38.0,81.5
2026-04-11 18:01:21,15.7,51.3,68.8,31,38.0,81.5
2026-04-11 18:01:21,10.5,51.0,68.8,28,38.0,81.5
2026-04-11 18:01:22,15.6,51.1,68.8,28,38.0,81.5
2026-04-11 18:01:22,8.5,51.0,68.8,28,38.0,81.5
2026-04-11 18:01:23,12.5,51.0,68.8,28,38.0,81.5
2026-04-11 18:01:23,11.2,50.8,68.8,28,39.0,81.5
2026-04-11 18:01:24,13.5,50.9,68.8,28,40.0,81.5
2026-04-11 18:01:24,11.1,50.8,68.8,19,40.0,81.5
2026-04-11 18:01:25,12.1,50.9,68.8,19,40.0,81.5
2026-04-11 18:01:25,10.8,50.8,68.7,10,39.0,81.5
2026-04-11 18:01:26,15.5,51.0,68.8,10,38.0,81.5
2026-04-11 18:01:26,35.5,52.1,68.9,24,38.0,81.5
2026-04-11 18:01:27,14.7,52.1,68.8,24,38.0,81.5
2026-04-11 18:01:27,15.4,52.0,68.8,30,38.0,81.5
2026-04-11 18:01:28,19.9,51.9,68.8,33,38.0,81.5
2026-04-11 18:01:28,71.9,57.5,68.8,33,38.0,81.5
2026-04-11 18:01:29,14.9,57.5,68.9,33,38.0,81.5
2026-04-11 18:01:29,12.6,57.0,68.9,24,38.0,81.5
2026-04-11 18:01:30,14.4,56.6,68.9,24,38.0,81.5
2026-04-11 18:01:30,12.4,56.3,68.9,30,38.0,81.5
2026-04-11 18:01:31,22.0,56.0,68.9,30,38.0,81.5
2026-04-11 18:01:31,13.4,55.6,68.9,26,38.0,81.5
2026-04-11 18:01:32,19.9,55.4,68.9,26,38.0,81.5
2026-04-11 18:01:32,12.4,55.1,68.9,30,38.0,81.5
2026-04-11 18:01:33,13.3,54.8,68.9,30,38.0,81.5
2026-04-11 18:01:33,19.9,54.6,68.9,24,38.0,81.5
2026-04-11 18:01:34,53.4,56.5,69.5,24,38.0,81.5
2026-04-11 18:01:34,20.2,56.4,69.5,24,38.0,81.5
2026-04-11 18:01:35,17.7,56.1,69.5,24,38.0,81.5
2026-04-11 18:01:35,11.3,55.6,69.5,23,38.0,81.5
2026-04-11 18:01:36,21.2,55.3,69.5,23,38.0,81.5
2026-04-11 18:01:36,10.6,54.9,69.5,32,38.0,81.5
2026-04-11 18:01:37,17.0,54.6,69.5,32,39.0,81.5
2026-04-11 18:01:37,11.1,54.3,69.5,22,39.0,81.5
2026-04-11 18:01:38,15.4,54.1,69.6,22,40.0,81.5
2026-04-11 18:01:38,31.8,58.0,69.5,10,39.0,81.5
2026-04-11 18:01:39,67.7,58.9,69.6,10,39.0,81.5
2026-04-11 18:01:39,11.1,58.4,69.6,17,38.0,81.5
2026-04-11 18:01:40,12.6,58.0,69.6,17,38.0,81.5
2026-04-11 18:01:40,13.4,57.6,69.5,32,38.0,81.5
2026-04-11 18:01:41,16.4,57.1,69.5,32,38.0,81.5
2026-04-11 18:01:41,12.9,56.8,69.5,34,38.0,81.5
2026-04-11 18:01:42,14.8,56.3,69.6,34,38.0,81.5
2026-04-11 18:01:42,12.1,55.8,69.5,26,38.0,81.5
2026-04-11 18:01:43,11.1,55.4,69.6,26,38.0,81.5
2026-04-11 18:01:43,23.6,55.3,69.5,29,39.0,81.5
2026-04-11 18:01:44,22.4,55.0,69.6,29,40.0,81.5
2026-04-11 18:01:44,22.6,55.0,69.5,25,40.0,81.5
2026-04-11 18:01:45,18.0,54.9,69.6,25,40.0,81.5
2026-04-11 18:01:45,18.3,54.8,69.5,18,39.0,81.5
2026-04-11 18:01:46,23.1,54.8,69.6,18,39.0,81.5
2026-04-11 18:01:46,20.9,54.8,69.5,31,39.0,81.5
2026-04-11 18:01:47,21.6,54.9,69.6,31,39.0,81.5
2026-04-11 18:01:47,23.2,54.8,69.5,42,39.0,81.5
2026-04-11 18:01:48,25.5,54.8,69.6,42,39.0,81.5
2026-04-11 18:01:48,9.8,54.5,69.5,49,38.0,81.5
2026-04-11 18:01:49,16.4,54.3,69.6,49,38.0,81.5
2026-04-11 18:01:49,18.0,54.1,69.6,26,38.0,81.5
2026-04-11 18:01:50,24.0,54.0,69.5,26,38.0,81.5
====================,==========,==========,==========,==========,==========
[頗趕賦旰] 2026-04-11 18:01:50,-,-,-,-,-
====================,==========,==========,==========,==========,==========
2026-04-11 18:08:22,0.0,61.9,96.0,99,80.0,82.4
2026-04-11 18:08:22,75.1,62.0,96.0,99,80.0,82.4
2026-04-11 18:08:23,86.1,63.1,96.0,100,80.0,82.4
2026-04-11 18:08:23,78.1,63.5,95.8,100,80.0,82.4
2026-04-11 18:08:24,67.2,63.6,95.7,100,81.0,82.4
2026-04-11 18:08:24,77.2,63.9,95.5,99,79.0,82.4
2026-04-11 18:08:25,77.1,63.9,95.5,99,81.0,82.4
2026-04-11 18:08:25,75.1,63.9,95.6,99,80.0,82.4
2026-04-11 18:08:26,62.0,63.8,95.5,99,81.0,82.4
2026-04-11 18:08:26,65.9,63.5,95.6,99,80.0,82.4
2026-04-11 18:08:27,60.7,63.4,95.5,99,80.0,82.4
2026-04-11 18:08:27,40.7,63.9,97.3,100,78.0,82.4
2026-04-11 18:08:28,94.3,64.1,97.2,100,78.0,82.4
2026-04-11 18:08:28,81.1,64.0,96.2,83,80.0,82.4
2026-04-11 18:08:29,78.0,64.0,95.6,83,80.0,82.4
2026-04-11 18:08:29,82.3,64.1,95.1,95,81.0,82.4
2026-04-11 18:08:30,77.1,64.3,94.6,95,80.0,82.4
2026-04-11 18:08:30,83.0,64.3,93.9,100,80.0,82.4
2026-04-11 18:08:31,87.1,64.4,93.5,100,80.0,82.4
2026-04-11 18:08:31,78.4,64.4,93.6,98,80.0,82.4
2026-04-11 18:08:32,76.7,64.4,93.6,98,80.0,82.4
2026-04-11 18:08:32,64.3,64.3,93.7,99,80.0,82.4
2026-04-11 18:08:33,73.3,64.1,93.7,99,81.0,82.4
2026-04-11 18:08:33,60.3,63.9,93.7,100,81.0,82.4
2026-04-11 18:08:34,61.3,63.8,93.7,100,80.0,82.4
2026-04-11 18:08:34,65.3,63.8,93.7,100,80.0,82.4
2026-04-11 18:08:35,63.6,63.5,93.7,100,81.0,82.4
2026-04-11 18:08:35,64.2,63.4,93.7,100,80.0,82.4
2026-04-11 18:08:36,65.1,63.3,93.8,100,80.0,82.4
2026-04-11 18:08:36,63.2,63.0,93.8,100,80.0,82.4
2026-04-11 18:08:37,68.8,62.9,93.8,100,81.0,82.4
2026-04-11 18:08:37,54.7,62.8,93.8,100,81.0,82.4
2026-04-11 18:08:38,77.7,62.6,93.9,100,81.0,82.4
2026-04-11 18:08:38,67.8,62.5,94.1,100,80.0,82.4
2026-04-11 18:08:39,73.7,62.5,94.2,100,80.0,82.4
2026-04-11 18:08:39,71.4,62.4,94.5,99,80.0,82.4
2026-04-11 18:08:40,63.6,62.4,94.5,99,81.0,82.4
2026-04-11 18:08:40,69.8,62.5,94.6,99,81.0,82.4
2026-04-11 18:08:41,85.0,62.9,94.6,99,81.0,82.4
2026-04-11 18:08:41,77.6,62.9,94.6,100,81.0,82.4
2026-04-11 18:08:42,55.9,62.8,94.6,100,80.0,82.4
2026-04-11 18:08:43,69.9,64.1,95.7,100,80.0,82.4
2026-04-11 18:08:44,98.4,64.9,97.6,99,80.0,82.4
2026-04-11 18:08:44,93.0,64.8,97.0,99,81.0,82.4
2026-04-11 18:08:46,79.2,64.9,94.7,100,80.0,82.4
2026-04-11 18:08:46,77.6,64.6,94.3,99,81.0,82.4
2026-04-11 18:08:47,74.2,64.5,94.1,99,81.0,82.4
2026-04-11 18:08:47,59.8,64.4,94.1,100,80.0,82.4
2026-04-11 18:08:48,50.0,64.1,94.1,100,80.0,82.4
2026-04-11 18:08:48,62.6,63.9,94.2,100,81.0,82.4
2026-04-11 18:08:49,61.1,63.8,94.3,100,81.0,82.4
2026-04-11 18:08:49,60.4,63.5,94.3,100,81.0,82.4
2026-04-11 18:08:50,58.2,63.4,94.3,100,81.0,82.4
2026-04-11 18:08:50,68.9,63.4,94.3,100,81.0,82.4
2026-04-11 18:08:51,75.3,63.3,94.4,100,81.0,82.4
2026-04-11 18:08:51,52.9,63.1,94.4,99,81.0,82.4
2026-04-11 18:08:52,67.0,63.0,94.6,99,80.0,82.4
2026-04-11 18:08:52,56.8,62.8,94.6,100,80.0,82.4
2026-04-11 18:08:53,64.9,62.8,94.7,100,80.0,82.4
2026-04-11 18:08:53,55.9,62.6,94.7,100,81.0,82.4
2026-04-11 18:08:54,65.2,62.5,94.6,100,81.0,82.4
2026-04-11 18:08:54,67.0,62.4,94.7,100,81.0,82.4
2026-04-11 18:08:55,61.1,62.3,94.7,100,81.0,82.4
2026-04-11 18:08:55,51.0,62.0,94.7,100,80.0,82.4
2026-04-11 18:08:56,62.2,61.9,94.7,100,81.0,82.4
2026-04-11 18:08:56,58.6,61.9,94.7,99,80.0,82.4
2026-04-11 18:08:57,56.5,61.8,94.7,99,80.0,82.4
2026-04-11 18:08:57,58.2,62.9,95.1,100,81.0,82.4
2026-04-11 18:08:58,98.3,63.0,95.2,100,81.0,82.4
2026-04-11 18:08:58,77.7,63.1,95.2,99,81.0,82.4
2026-04-11 18:08:59,65.0,63.1,95.2,99,81.0,82.4
2026-04-11 18:08:59,54.9,63.0,95.2,99,81.0,82.4
2026-04-11 18:09:00,65.7,63.0,95.2,99,81.0,82.4
2026-04-11 18:09:00,59.6,62.9,95.2,100,80.0,82.4
2026-04-11 18:09:01,58.6,62.6,95.2,100,80.0,82.4
2026-04-11 18:09:01,55.2,62.5,95.2,99,80.0,82.4
2026-04-11 18:09:02,65.8,62.4,95.2,99,80.0,82.4
2026-04-11 18:09:02,55.8,62.3,95.2,100,80.0,82.4
2026-04-11 18:09:03,70.0,62.3,95.2,100,80.0,82.4
2026-04-11 18:09:03,64.6,62.1,95.2,99,80.0,82.4
2026-04-11 18:09:04,65.4,62.0,95.2,99,81.0,82.4
2026-04-11 18:09:04,66.2,62.1,95.2,100,81.0,82.4
2026-04-11 18:09:05,71.1,62.3,95.2,100,81.0,82.4
2026-04-11 18:09:05,60.7,62.1,95.2,100,81.0,82.4
2026-04-11 18:09:06,70.2,62.3,95.2,100,81.0,82.4
2026-04-11 18:09:06,69.5,62.4,95.3,99,80.0,82.4
2026-04-11 18:09:07,64.6,62.5,95.3,99,80.0,82.4
2026-04-11 18:09:07,69.0,62.4,95.3,99,81.0,82.4
2026-04-11 18:09:08,66.7,62.3,95.2,99,81.0,82.4
2026-04-11 18:09:08,77.9,62.5,95.3,100,80.0,82.4
2026-04-11 18:09:09,78.6,62.6,95.4,100,80.0,82.4
2026-04-11 18:09:09,63.4,62.6,95.4,99,80.0,82.4
2026-04-11 18:09:10,65.5,62.6,95.5,99,80.0,82.4
2026-04-11 18:09:10,82.7,63.1,95.4,99,81.0,82.4
2026-04-11 18:09:11,78.8,63.3,95.4,99,81.0,82.4
2026-04-11 18:09:11,76.6,63.4,95.4,99,81.0,82.4
2026-04-11 18:09:12,91.0,63.6,95.3,99,81.0,82.4
2026-04-11 18:09:13,79.1,64.9,95.3,100,80.0,82.4
2026-04-11 18:09:13,98.4,65.8,95.3,98,80.0,82.4
2026-04-11 18:09:14,87.3,65.8,95.3,98,80.0,82.4
2026-04-11 18:09:14,49.6,65.4,95.2,98,80.0,82.4
2026-04-11 18:09:15,84.0,65.3,95.1,98,81.0,82.4
2026-04-11 18:09:15,72.1,65.1,95.2,99,81.0,82.4
2026-04-11 18:09:16,68.7,65.0,95.2,99,81.0,82.4
2026-04-11 18:09:16,82.7,65.0,95.2,99,81.0,82.4
2026-04-11 18:09:17,75.1,64.9,95.3,99,81.0,82.4
2026-04-11 18:09:17,62.1,64.6,95.3,99,81.0,82.4
2026-04-11 18:09:18,55.1,64.4,95.2,100,81.0,82.4
2026-04-11 18:09:18,64.8,64.4,95.2,99,81.0,82.4
2026-04-11 18:09:19,83.4,64.4,95.2,99,81.0,82.4
2026-04-11 18:09:19,78.9,64.5,95.2,100,81.0,82.4
2026-04-11 18:09:20,84.7,64.8,95.3,100,80.0,82.4
2026-04-11 18:09:20,84.3,64.9,95.3,98,80.0,82.4
2026-04-11 18:09:21,86.2,65.0,95.4,98,80.0,82.4
2026-04-11 18:09:21,78.0,65.0,95.5,98,80.0,82.4
2026-04-11 18:09:22,70.1,65.0,95.3,98,81.0,82.4
====================,==========,==========,==========,==========,==========
[頗趕賦旰] 2026-04-11 18:09:22,-,-,-,-,-
====================,==========,==========,==========,==========,==========
2026-04-11 18:10:31,63.1,63.4,87.0,99,81.0,82.4
2026-04-11 18:10:31,55.8,63.1,87.0,99,80.0,82.4
2026-04-11 18:10:32,57.7,63.1,87.1,100,80.0,82.4
2026-04-11 18:10:32,61.6,63.0,86.8,100,80.0,82.4
2026-04-11 18:10:33,61.9,62.9,86.6,100,81.0,82.4
2026-04-11 18:10:33,53.9,62.8,86.7,100,80.0,82.4
2026-04-11 18:10:34,45.9,62.6,86.7,100,81.0,82.4
2026-04-11 18:10:34,56.9,62.4,86.7,100,80.0,82.4
2026-04-11 18:10:35,55.2,62.3,86.6,100,80.0,82.4
2026-04-11 18:10:35,53.4,62.1,86.6,100,81.0,82.4
2026-04-11 18:10:36,51.7,62.0,86.6,100,81.0,82.4
2026-04-11 18:10:36,55.0,61.9,86.5,100,81.0,82.4
2026-04-11 18:10:37,57.0,61.8,86.5,100,80.0,82.4
2026-04-11 18:10:37,51.4,61.9,86.6,100,81.0,82.4
2026-04-11 18:10:38,67.3,62.1,86.6,100,81.0,82.4
2026-04-11 18:10:38,66.8,62.4,86.6,100,81.0,82.4
2026-04-11 18:10:39,61.7,62.3,86.6,100,80.0,82.4
2026-04-11 18:10:39,53.0,62.1,86.6,100,80.0,82.4
2026-04-11 18:10:40,59.3,62.1,86.6,100,80.0,82.4
2026-04-11 18:10:40,52.5,62.1,86.6,100,81.0,82.4
2026-04-11 18:10:41,55.7,62.0,86.6,100,81.0,82.4
2026-04-11 18:10:41,56.1,62.0,86.6,99,81.0,82.4
2026-04-11 18:10:42,59.4,62.3,86.7,100,80.0,82.4
2026-04-11 18:10:43,71.6,64.5,86.6,100,78.0,82.4
2026-04-11 18:10:43,94.9,66.1,86.7,86,80.0,82.4
2026-04-11 18:10:43,71.9,66.0,86.7,86,80.0,82.4
2026-04-11 18:10:44,54.5,65.6,86.7,86,81.0,82.4
2026-04-11 18:10:44,68.9,65.5,86.7,100,81.0,82.4
2026-04-11 18:10:45,65.7,65.4,86.6,100,81.0,82.4
2026-04-11 18:10:45,52.0,65.1,86.6,100,81.0,82.4
2026-04-11 18:10:46,52.4,64.9,86.7,100,81.0,82.4
2026-04-11 18:10:46,52.6,64.5,86.6,99,80.0,82.4
2026-04-11 18:10:47,47.5,64.3,86.6,100,80.0,82.4
2026-04-11 18:10:47,58.4,64.0,86.6,100,81.0,82.4
2026-04-11 18:10:48,55.4,63.9,86.6,100,81.0,82.4
2026-04-11 18:10:48,47.2,63.6,86.6,100,80.0,82.4
2026-04-11 18:10:49,50.0,63.4,86.7,100,81.0,82.4
2026-04-11 18:10:49,49.8,63.3,86.6,100,80.0,82.4
2026-04-11 18:10:50,53.7,63.0,86.6,100,81.0,82.4
2026-04-11 18:10:50,54.4,62.9,86.6,100,81.0,82.4
2026-04-11 18:10:51,53.0,62.8,86.6,100,81.0,82.4
2026-04-11 18:10:51,52.0,62.5,86.6,99,81.0,82.4
2026-04-11 18:10:52,56.2,62.5,86.6,99,81.0,82.4
2026-04-11 18:10:52,47.4,62.3,86.6,100,81.0,82.4
2026-04-11 18:10:53,53.8,62.1,86.5,100,81.0,82.4
2026-04-11 18:10:53,48.1,62.0,86.6,100,82.0,82.4
2026-04-11 18:10:54,52.2,61.9,86.6,100,81.0,82.4
2026-04-11 18:10:54,50.1,61.8,86.6,100,81.0,82.4
2026-04-11 18:10:55,49.9,61.6,86.6,100,81.0,82.4
2026-04-11 18:10:55,62.5,61.5,86.6,100,81.0,82.4
2026-04-11 18:10:56,54.3,61.5,86.6,100,80.0,82.4
2026-04-11 18:10:56,51.8,61.8,86.6,99,81.0,82.4
2026-04-11 18:10:57,50.1,61.6,86.6,99,80.0,82.4
2026-04-11 18:10:57,79.3,63.4,86.6,100,81.0,82.4
2026-04-11 18:10:58,71.0,63.4,86.7,100,80.0,82.4
2026-04-11 18:10:58,51.4,63.4,86.6,89,81.0,82.4
2026-04-11 18:10:59,53.8,63.1,86.6,89,81.0,82.4
2026-04-11 18:10:59,50.9,63.0,86.6,100,80.0,82.4
2026-04-11 18:11:00,52.9,62.9,86.6,100,80.0,82.4
2026-04-11 18:11:00,54.3,62.8,86.6,100,80.0,82.4
2026-04-11 18:11:01,48.9,62.6,86.6,100,81.0,82.4
2026-04-11 18:11:01,59.9,62.6,86.6,99,81.0,82.4
2026-04-11 18:11:02,45.5,62.5,86.6,99,80.0,82.4
2026-04-11 18:11:02,48.8,62.4,86.6,100,81.0,82.4
2026-04-11 18:11:03,62.2,62.5,86.6,100,81.0,82.4
2026-04-11 18:11:03,58.5,62.6,86.6,100,81.0,82.4
2026-04-11 18:11:04,49.7,62.5,86.6,100,81.0,82.4
2026-04-11 18:11:04,44.4,62.4,86.6,100,81.0,82.4
2026-04-11 18:11:05,55.6,62.3,86.6,100,81.0,82.4
2026-04-11 18:11:05,55.2,62.1,86.6,100,81.0,82.4
2026-04-11 18:11:06,52.3,62.0,86.6,100,81.0,82.4
2026-04-11 18:11:06,66.1,62.3,86.6,100,80.0,82.4
2026-04-11 18:11:07,73.2,62.4,86.7,100,80.0,82.4
2026-04-11 18:11:07,82.4,62.5,86.8,99,80.0,82.4
2026-04-11 18:11:08,78.0,62.6,86.8,99,80.0,82.4
2026-04-11 18:11:08,70.9,62.8,86.8,100,80.0,82.4
2026-04-11 18:11:09,61.3,62.8,86.9,100,81.0,82.4
2026-04-11 18:11:09,56.9,62.6,86.9,100,81.0,82.4
2026-04-11 18:11:10,50.5,62.5,86.9,100,81.0,82.4
2026-04-11 18:11:10,52.8,62.4,86.9,100,80.0,82.4
2026-04-11 18:11:11,54.2,62.3,86.9,100,80.0,82.4
2026-04-11 18:11:11,58.1,62.3,86.9,99,81.0,82.4
2026-04-11 18:11:12,55.1,62.1,86.9,99,81.0,82.4
2026-04-11 18:11:13,70.0,64.8,86.9,100,80.0,82.4
2026-04-11 18:11:13,93.2,66.3,86.9,100,80.0,82.4
2026-04-11 18:11:13,59.6,66.0,86.9,84,80.0,82.4
2026-04-11 18:11:14,46.4,65.6,86.8,84,81.0,82.4
2026-04-11 18:11:14,60.7,65.5,86.9,100,80.0,82.4
2026-04-11 18:11:15,71.2,65.3,86.8,100,79.0,82.4
2026-04-11 18:11:15,61.3,65.0,86.9,100,81.0,82.4
2026-04-11 18:11:16,54.1,64.8,86.8,100,81.0,82.4
2026-04-11 18:11:16,47.3,64.5,86.9,99,80.0,82.4
2026-04-11 18:11:17,49.7,64.3,86.8,99,80.0,82.4
2026-04-11 18:11:17,50.6,64.0,86.9,100,80.0,82.4
2026-04-11 18:11:18,49.1,63.8,86.8,100,79.0,82.4
2026-04-11 18:11:18,46.2,63.5,86.9,100,81.0,82.4
2026-04-11 18:11:19,55.6,63.4,86.8,100,81.0,82.4
2026-04-11 18:11:19,47.8,63.3,86.9,100,81.0,82.4
2026-04-11 18:11:20,48.3,63.0,86.8,100,80.0,82.4
2026-04-11 18:11:20,52.3,62.9,86.8,100,81.0,82.4
2026-04-11 18:11:21,57.1,62.8,86.8,100,81.0,82.4
2026-04-11 18:11:21,52.3,62.8,86.8,99,81.0,82.4
2026-04-11 18:11:22,51.8,62.5,86.8,99,80.0,82.4
2026-04-11 18:11:22,56.1,62.4,86.8,100,80.0,82.4
2026-04-11 18:11:23,55.8,62.3,86.8,100,80.0,82.4
2026-04-11 18:11:23,51.9,62.0,86.8,100,81.0,82.4
2026-04-11 18:11:24,52.5,62.0,86.8,100,81.0,82.4
2026-04-11 18:11:24,48.7,61.9,86.9,100,81.0,82.4
2026-04-11 18:11:25,52.8,61.8,86.8,100,80.0,82.4
2026-04-11 18:11:25,51.4,61.6,86.9,99,82.0,82.4
2026-04-11 18:11:26,54.8,61.5,86.8,99,81.0,82.4
2026-04-11 18:11:26,51.0,61.5,86.9,100,81.0,82.4
2026-04-11 18:11:27,59.8,61.4,86.8,100,81.0,82.4
2026-04-11 18:11:28,75.8,63.8,87.1,94,78.0,82.4
2026-04-11 18:11:28,86.0,64.1,87.1,94,81.0,82.4
2026-04-11 18:11:28,67.0,64.0,87.1,92,79.0,82.4
2026-04-11 18:11:29,61.2,63.9,87.0,92,79.0,82.4
2026-04-11 18:11:29,54.4,63.8,87.1,100,80.0,82.4
2026-04-11 18:11:30,54.7,63.5,87.0,100,81.0,82.4
2026-04-11 18:11:30,51.3,63.4,87.1,99,80.0,82.4
2026-04-11 18:11:31,54.0,63.1,87.1,99,81.0,82.4
2026-04-11 18:11:31,58.4,63.0,87.1,100,81.0,82.4
2026-04-11 18:11:32,63.1,62.9,87.1,100,81.0,82.4
2026-04-11 18:11:32,48.4,62.9,87.1,100,81.0,82.4
2026-04-11 18:11:33,61.0,62.6,87.1,100,80.0,82.4
2026-04-11 18:11:33,49.6,62.5,87.1,100,80.0,82.4
2026-04-11 18:11:34,54.8,62.5,87.0,100,81.0,82.4
2026-04-11 18:11:34,53.0,62.4,87.1,100,81.0,82.4
2026-04-11 18:11:35,49.4,62.4,87.0,100,80.0,82.4
2026-04-11 18:11:35,50.8,62.3,87.1,99,82.0,82.4
2026-04-11 18:11:36,49.2,62.1,87.0,99,82.0,82.4
2026-04-11 18:11:36,55.4,62.1,87.1,100,81.0,82.4
2026-04-11 18:11:37,45.2,62.0,87.0,100,81.0,82.4
2026-04-11 18:11:37,50.2,61.9,87.1,100,81.0,82.4
2026-04-11 18:11:38,62.4,61.9,87.0,100,80.0,82.4
2026-04-11 18:11:38,56.7,62.0,87.1,100,80.0,82.4
2026-04-11 18:11:39,51.0,62.0,87.0,100,81.0,82.4
2026-04-11 18:11:39,58.7,62.0,87.1,100,80.0,82.4
2026-04-11 18:11:40,63.8,62.0,87.1,100,80.0,82.4
2026-04-11 18:11:40,59.1,62.0,87.1,99,80.0,82.4
2026-04-11 18:11:41,65.4,61.9,87.1,99,80.0,82.4
2026-04-11 18:11:41,61.2,61.9,87.1,100,81.0,82.4
2026-04-11 18:11:42,57.4,61.9,87.1,100,81.0,82.4
2026-04-11 18:11:43,60.8,64.9,87.1,86,80.0,82.4
2026-04-11 18:11:43,97.5,66.0,87.1,86,81.0,82.4
2026-04-11 18:11:43,69.8,65.9,87.2,86,81.0,82.4
2026-04-11 18:11:44,56.3,65.5,87.1,99,81.0,82.4
2026-04-11 18:11:44,57.7,65.4,87.2,100,81.0,82.4
2026-04-11 18:11:45,53.8,65.0,87.1,100,80.0,82.4
2026-04-11 18:11:45,53.8,64.9,87.2,99,81.0,82.4
2026-04-11 18:11:46,76.4,64.8,87.2,99,81.0,82.4
2026-04-11 18:11:46,58.3,64.5,87.2,100,81.0,82.4
2026-04-11 18:11:47,52.9,64.3,87.1,100,80.0,82.4
2026-04-11 18:11:47,48.8,64.1,87.2,100,81.0,82.4
2026-04-11 18:11:48,61.2,63.9,87.1,100,81.0,82.4
2026-04-11 18:11:48,51.4,63.8,87.2,100,81.0,82.4
2026-04-11 18:11:49,50.9,63.5,87.1,100,81.0,82.4
2026-04-11 18:11:49,54.2,63.3,87.2,100,82.0,82.4
2026-04-11 18:11:50,46.5,63.1,87.2,100,80.0,82.4
2026-04-11 18:11:50,51.8,62.9,87.2,99,80.0,82.4
2026-04-11 18:11:51,45.4,62.8,87.1,99,81.0,82.4
2026-04-11 18:11:51,55.4,62.9,87.1,100,80.0,82.4
2026-04-11 18:11:52,69.8,63.1,87.1,100,80.0,82.4
2026-04-11 18:11:52,60.5,63.3,87.1,100,81.0,82.4
2026-04-11 18:11:53,70.7,63.4,87.2,100,81.0,82.4
2026-04-11 18:11:53,61.5,63.5,87.2,100,81.0,82.4
2026-04-11 18:11:54,50.6,63.3,87.1,100,81.0,82.4
2026-04-11 18:11:54,56.8,63.1,87.1,100,81.0,82.4
2026-04-11 18:11:55,53.3,63.0,87.2,100,80.0,82.4
2026-04-11 18:11:55,45.9,62.8,87.2,100,81.0,82.4
2026-04-11 18:11:56,49.5,62.6,87.2,99,80.0,82.4
2026-04-11 18:11:56,53.4,62.5,87.2,99,81.0,82.4
2026-04-11 18:11:57,48.5,62.4,87.2,100,80.0,82.4
2026-04-11 18:11:58,55.9,64.1,87.2,87,80.0,82.4
2026-04-11 18:11:58,83.9,64.1,87.2,87,80.0,82.4
2026-04-11 18:11:58,66.8,64.0,87.2,87,81.0,82.4
2026-04-11 18:11:59,53.0,63.9,87.2,100,80.0,82.4
2026-04-11 18:11:59,72.0,64.0,87.3,100,80.0,82.4
2026-04-11 18:12:00,69.9,64.1,87.2,100,80.0,82.4
2026-04-11 18:12:00,70.6,64.3,87.3,100,80.0,82.4
2026-04-11 18:12:01,70.0,64.3,87.2,99,80.0,82.4
2026-04-11 18:12:01,62.5,64.3,87.3,99,81.0,82.4
2026-04-11 18:12:02,61.6,64.3,87.2,100,81.0,82.4
2026-04-11 18:12:02,60.4,64.3,87.3,100,80.0,82.4
2026-04-11 18:12:03,60.9,64.0,87.2,100,80.0,82.4
2026-04-11 18:12:03,57.1,63.8,87.3,100,80.0,82.4
2026-04-11 18:12:04,57.0,63.6,87.2,100,81.0,82.4
2026-04-11 18:12:04,56.4,63.5,87.3,100,81.0,82.4
2026-04-11 18:12:05,46.9,63.3,87.3,100,80.0,82.4
2026-04-11 18:12:05,58.1,63.3,87.3,100,81.0,82.4
2026-04-11 18:12:06,48.7,63.1,87.3,99,80.0,82.4
2026-04-11 18:12:06,54.2,63.0,87.3,99,81.0,82.4
2026-04-11 18:12:07,62.1,63.1,87.3,100,81.0,82.4
2026-04-11 18:12:07,88.3,63.8,87.4,100,81.0,82.4
2026-04-11 18:12:08,78.4,64.1,87.4,99,81.0,82.4
2026-04-11 18:12:08,71.8,64.0,87.4,99,81.0,82.4
2026-04-11 18:12:09,66.8,64.0,87.4,100,80.0,82.4
2026-04-11 18:12:10,84.2,66.9,87.4,82,79.0,82.4
2026-04-11 18:12:10,95.7,67.0,87.5,82,81.0,82.4
2026-04-11 18:12:10,68.2,66.9,87.4,82,81.0,82.4
2026-04-11 18:12:11,52.2,66.5,87.4,99,81.0,82.4
2026-04-11 18:12:11,52.0,66.3,87.4,99,80.0,82.4
2026-04-11 18:12:12,48.3,65.9,87.4,100,80.0,82.4
2026-04-11 18:12:12,49.6,65.6,87.4,100,80.0,82.4
2026-04-11 18:12:13,55.7,65.0,87.4,100,81.0,82.4
2026-04-11 18:12:14,53.0,64.8,87.4,100,82.0,82.4
2026-04-11 18:12:14,56.2,64.6,87.4,100,81.0,82.4
2026-04-11 18:12:15,60.7,64.4,87.4,100,80.0,82.4
2026-04-11 18:26:12,0.0,65.3,88.4,100,74.0,82.4
2026-04-11 18:26:12,61.2,65.1,88.5,100,74.0,82.4
2026-04-11 18:26:13,59.8,65.0,88.5,100,74.0,82.4
2026-04-11 18:26:13,82.6,66.1,88.4,99,73.0,82.4
2026-04-11 18:26:14,69.3,66.1,88.4,99,74.0,82.4
2026-04-11 18:26:14,66.8,66.0,88.5,93,74.0,82.4
2026-04-11 18:26:15,54.5,65.8,88.4,93,74.0,82.4
2026-04-11 18:26:15,52.9,65.5,88.5,100,74.0,82.4
2026-04-11 18:26:16,52.3,65.4,88.5,100,74.0,82.4
2026-04-11 18:26:16,55.5,65.1,88.6,99,74.0,82.4
2026-04-11 18:26:17,49.1,65.0,88.5,99,74.0,82.4
2026-04-11 18:26:17,51.8,64.9,88.6,100,74.0,82.4
2026-04-11 18:26:18,48.7,64.6,88.5,100,75.0,82.4
2026-04-11 18:26:18,54.8,64.5,88.5,100,75.0,82.4
2026-04-11 18:26:19,57.5,64.4,88.5,100,74.0,82.4
2026-04-11 18:26:20,66.1,67.4,88.6,99,74.0,82.4
2026-04-11 18:26:20,80.4,67.9,88.7,83,74.0,82.4
2026-04-11 18:26:21,54.9,67.6,88.6,83,74.0,82.4
2026-04-11 18:26:21,60.7,67.3,88.5,98,74.0,82.4
2026-04-11 18:26:22,52.5,67.0,88.5,98,75.0,82.4
2026-04-11 18:26:22,52.0,66.8,88.5,100,75.0,82.4
2026-04-11 18:26:23,45.7,66.5,88.5,100,75.0,82.4
2026-04-11 18:26:23,55.8,66.3,88.5,100,74.0,82.4
2026-04-11 18:26:24,52.9,66.0,88.5,100,74.0,82.4
2026-04-11 18:26:24,32.2,65.6,88.5,100,65.0,82.4
2026-04-11 18:26:25,53.2,65.5,88.5,100,73.0,82.4
2026-04-11 18:26:25,65.7,65.3,88.6,100,73.0,82.4
2026-04-11 18:26:26,73.9,65.6,88.5,100,74.0,82.4
2026-04-11 18:26:26,83.8,66.3,88.6,98,74.0,82.4
2026-04-11 18:26:27,73.4,66.4,88.4,98,74.0,82.4
2026-04-11 18:26:27,71.2,66.3,88.4,99,74.0,82.4
2026-04-11 18:26:28,62.8,66.0,88.4,99,75.0,82.4
2026-04-11 18:26:28,59.8,65.9,88.4,100,75.0,82.4
2026-04-11 18:26:29,64.8,65.6,88.4,100,75.0,82.4
2026-04-11 18:26:29,58.8,65.5,88.4,100,75.0,82.4
2026-04-11 18:26:30,56.3,65.4,88.3,100,75.0,82.4
2026-04-11 18:26:30,64.8,65.3,88.4,100,75.0,82.4
2026-04-11 18:26:31,70.9,65.6,88.3,100,74.0,82.4
2026-04-11 18:26:31,85.9,66.1,88.3,93,74.0,82.4
2026-04-11 18:26:32,82.2,66.9,88.2,93,75.0,82.4
2026-04-11 18:26:32,81.3,67.5,88.3,98,74.0,82.4
2026-04-11 18:26:33,75.7,67.6,88.3,98,74.0,82.4
2026-04-11 18:26:33,83.9,67.8,88.3,98,75.0,82.4
2026-04-11 18:26:34,78.6,67.8,88.3,98,75.0,82.4
2026-04-11 18:26:35,85.8,67.9,88.4,98,74.0,82.4
2026-04-11 18:26:35,78.6,68.0,88.4,98,74.0,82.4
2026-04-11 18:26:36,81.5,68.8,88.6,95,75.0,82.4
2026-04-11 18:26:36,91.8,68.6,88.7,98,75.0,82.4
2026-04-11 18:26:37,79.4,68.5,88.4,98,75.0,82.4
2026-04-11 18:26:37,67.5,68.4,88.4,100,75.0,82.4
2026-04-11 18:26:38,67.3,68.3,88.3,100,75.0,82.4
2026-04-11 18:26:38,78.9,68.3,88.2,98,75.0,82.4
2026-04-11 18:26:39,81.3,68.3,88.2,98,75.0,82.4
2026-04-11 18:26:39,67.9,68.1,88.3,99,75.0,82.4
2026-04-11 18:26:40,63.4,67.9,88.3,99,75.0,82.4
2026-04-11 18:26:41,81.5,67.8,88.3,99,75.0,82.4
2026-04-11 18:26:41,94.0,67.9,88.2,99,75.0,82.4
2026-04-11 18:26:41,79.0,67.9,88.3,98,75.0,82.4
2026-04-11 18:26:42,73.3,67.9,88.3,98,75.0,82.4
2026-04-11 18:26:42,67.9,67.9,88.4,99,75.0,82.4
2026-04-11 18:26:43,71.5,67.9,88.4,99,76.0,82.4
2026-04-11 18:26:43,72.1,67.8,88.4,99,76.0,82.4
2026-04-11 18:26:44,60.2,67.6,88.4,99,76.0,82.4
2026-04-11 18:26:44,70.2,67.5,88.5,99,75.0,82.4
2026-04-11 18:26:45,64.3,67.3,88.4,99,75.0,82.4
2026-04-11 18:26:45,65.0,67.1,88.5,100,75.0,82.4
2026-04-11 18:26:46,53.8,66.9,88.4,100,76.0,82.4
2026-04-11 18:26:46,74.6,66.8,88.5,99,75.0,82.4
2026-04-11 18:26:47,67.3,66.6,88.5,99,76.0,82.4
2026-04-11 18:26:47,63.0,66.4,88.5,99,75.0,82.4
2026-04-11 18:26:48,68.1,66.1,88.4,99,75.0,82.4
2026-04-11 18:26:48,64.0,66.0,88.5,100,75.0,82.4
2026-04-11 18:26:49,52.5,65.8,88.5,100,75.0,82.4
2026-04-11 18:26:49,64.7,65.6,88.5,99,75.0,82.4
2026-04-11 18:26:50,67.4,65.5,88.5,99,75.0,82.4
2026-04-11 18:26:51,67.3,65.3,88.4,100,75.0,82.4
2026-04-11 18:26:52,92.7,67.8,88.6,99,75.0,82.4
2026-04-11 18:26:52,90.6,67.8,88.6,99,75.0,82.4
2026-04-11 18:26:52,80.8,67.8,88.7,98,75.0,82.4
2026-04-11 18:26:53,75.6,67.8,88.6,98,75.0,82.4
2026-04-11 18:26:53,83.6,67.8,88.5,99,75.0,82.4
2026-04-11 18:26:54,72.0,67.8,88.5,99,75.0,82.4
2026-04-11 18:26:54,78.7,67.9,88.6,99,75.0,82.4
2026-04-11 18:26:55,82.0,67.9,88.7,99,75.0,82.4
2026-04-11 18:26:55,77.5,67.8,88.7,99,75.0,82.4
2026-04-11 18:26:56,67.1,67.5,88.7,99,75.0,82.4
2026-04-11 18:26:56,63.2,67.3,88.7,99,75.0,82.4
2026-04-11 18:26:57,66.0,67.0,88.7,99,75.0,82.4
2026-04-11 18:26:57,58.3,66.8,88.7,100,75.0,82.4
2026-04-11 18:26:58,63.6,66.5,88.7,100,76.0,82.4
2026-04-11 18:26:58,65.8,66.4,88.8,100,75.0,82.4
2026-04-11 18:26:59,73.8,66.4,88.9,100,75.0,82.4
2026-04-11 18:27:00,76.3,66.4,89.2,98,75.0,82.4
2026-04-11 18:27:00,63.8,66.1,89.4,98,74.0,82.4
2026-04-11 18:27:00,68.8,66.0,89.4,96,75.0,82.4
2026-04-11 18:27:01,70.2,65.9,89.4,96,75.0,82.4
2026-04-11 18:27:01,68.4,65.8,89.4,98,74.0,82.4
2026-04-11 18:27:02,64.2,65.6,89.4,98,75.0,82.4
2026-04-11 18:27:02,75.4,65.9,89.2,98,74.0,82.4
2026-04-11 18:27:03,65.5,65.8,89.2,98,75.0,82.4
2026-04-11 18:27:03,70.3,65.6,89.3,98,74.0,82.4
2026-04-11 18:27:04,68.6,65.6,89.2,98,74.0,82.4
2026-04-11 18:27:04,83.8,65.6,89.3,99,74.0,82.4
2026-04-11 18:27:05,67.7,65.5,89.2,99,74.0,82.4
2026-04-11 18:27:06,65.8,65.4,89.7,99,74.0,82.4
2026-04-11 18:27:07,84.9,66.5,89.7,98,74.0,82.4
2026-04-11 18:27:07,78.4,66.6,89.6,98,74.0,82.4
2026-04-11 18:27:07,64.0,66.5,89.6,98,74.0,82.4
2026-04-11 18:27:08,56.2,66.1,89.6,98,74.0,82.4
2026-04-11 18:27:08,66.1,66.0,89.6,98,75.0,82.4
2026-04-11 18:27:09,63.7,66.1,89.5,98,74.0,82.4
2026-04-11 18:27:09,85.1,66.4,89.7,96,74.0,82.4
2026-04-11 18:27:10,67.3,66.6,89.6,96,74.0,82.4
2026-04-11 18:27:10,75.4,66.9,89.7,98,74.0,82.4
2026-04-11 18:27:11,70.4,67.0,89.7,98,74.0,82.4
2026-04-11 18:27:12,90.6,67.4,89.9,98,74.0,82.4
2026-04-11 18:27:12,97.0,68.3,90.0,98,74.0,82.4
====================,==========,==========,==========,==========,==========
[頗趕賦旰] 2026-04-11 18:27:12,-,-,-,-,-
====================,==========,==========,==========,==========,==========
2026-04-11 18:29:49,0.0,66.3,89.8,98,72.0,82.4
2026-04-11 18:29:49,78.7,66.5,89.9,98,72.0,82.4
2026-04-11 18:29:49,81.0,66.8,89.9,97,72.0,82.4
2026-04-11 18:29:50,78.6,66.9,89.9,97,72.0,82.4
2026-04-11 18:29:50,74.9,67.1,89.9,98,72.0,82.4
2026-04-11 18:29:51,74.4,67.0,89.9,98,72.0,82.4
2026-04-11 18:29:51,67.0,66.9,89.9,98,72.0,82.4
2026-04-11 18:29:52,63.9,66.9,89.9,98,72.0,82.4
2026-04-11 18:29:52,66.2,66.6,89.9,97,72.0,82.4
2026-04-11 18:29:53,80.9,68.8,90.0,81,71.0,82.4
2026-04-11 18:29:54,94.5,68.9,90.1,81,71.0,82.4
2026-04-11 18:29:54,59.9,68.8,90.1,81,71.0,82.4
2026-04-11 18:29:54,62.2,68.4,90.0,97,72.0,82.4
2026-04-11 18:29:55,56.7,68.3,90.2,97,72.0,82.4
2026-04-11 18:29:55,65.7,68.0,90.1,98,72.0,82.4
2026-04-11 18:29:56,50.8,67.8,90.2,98,72.0,82.4
2026-04-11 18:29:56,68.1,67.5,90.2,97,72.0,82.4
2026-04-11 18:29:57,61.8,67.3,90.2,97,72.0,82.4
2026-04-11 18:29:58,66.1,67.1,90.1,98,72.0,82.4
2026-04-11 18:29:58,67.9,66.9,90.1,98,72.0,82.4
2026-04-11 18:29:58,61.6,66.8,90.1,97,72.0,82.4
2026-04-11 18:29:59,55.8,66.5,90.1,97,72.0,82.4
2026-04-11 18:29:59,57.6,66.3,90.0,99,73.0,82.4
2026-04-11 18:30:00,63.2,66.4,90.1,99,73.0,82.4
2026-04-11 18:30:00,39.6,66.0,90.1,95,64.0,82.4
2026-04-11 18:30:01,73.4,66.1,90.1,95,71.0,82.4
2026-04-11 18:30:01,58.1,65.9,90.1,98,72.0,82.4
2026-04-11 18:30:02,56.0,65.8,90.1,98,72.0,82.4
2026-04-11 18:30:02,63.0,65.6,90.1,99,72.0,82.4
2026-04-11 18:30:03,56.5,65.5,89.9,99,72.0,82.4
2026-04-11 18:30:03,71.3,65.4,89.8,99,72.0,82.4
2026-04-11 18:30:04,58.0,65.3,89.8,99,72.0,82.4
2026-04-11 18:30:04,74.1,65.5,90.0,98,73.0,82.4
2026-04-11 18:30:05,63.3,65.4,90.0,98,72.0,82.4
2026-04-11 18:30:05,67.0,65.5,90.0,98,72.0,82.4
2026-04-11 18:30:06,57.1,65.4,90.0,98,72.0,82.4
2026-04-11 18:30:06,57.7,65.3,90.0,98,72.0,82.4
2026-04-11 18:30:07,61.4,65.1,89.9,98,72.0,82.4
2026-04-11 18:30:07,62.6,65.0,90.0,99,72.0,82.4
2026-04-11 18:30:08,58.5,64.9,90.0,99,72.0,82.4
2026-04-11 18:30:09,70.0,65.0,89.9,99,72.0,82.4
2026-04-11 18:30:09,67.8,65.0,89.9,99,72.0,82.4
2026-04-11 18:30:09,69.7,65.1,89.8,98,73.0,82.4
2026-04-11 18:30:10,56.7,65.0,89.8,98,73.0,82.4
2026-04-11 18:30:10,58.7,64.9,89.7,99,72.0,82.4
2026-04-11 18:30:11,58.6,64.8,89.8,99,72.0,82.4
2026-04-11 18:30:12,75.8,66.8,89.8,98,72.0,82.4
2026-04-11 18:30:12,92.7,67.6,89.8,98,72.0,82.4
2026-04-11 18:30:13,54.9,67.4,89.8,98,73.0,82.4
2026-04-11 18:30:13,60.0,67.1,89.8,98,73.0,82.4
2026-04-11 18:30:14,47.9,66.9,89.7,98,73.0,82.4
2026-04-11 18:30:14,57.7,66.8,89.8,99,73.0,82.4
2026-04-11 18:30:15,53.3,66.5,89.7,99,73.0,82.4
2026-04-11 18:30:15,53.0,66.3,89.7,99,73.0,82.4
2026-04-11 18:30:16,59.9,66.0,89.7,99,73.0,82.4
2026-04-11 18:30:16,64.7,66.0,89.7,98,73.0,82.4
2026-04-11 18:30:17,72.2,66.0,89.8,98,72.0,82.4
2026-04-11 18:30:17,72.0,65.9,89.8,98,73.0,82.4
2026-04-11 18:30:18,60.4,65.8,89.8,98,73.0,82.4
2026-04-11 18:30:18,62.3,65.6,89.8,99,73.0,82.4
2026-04-11 18:30:19,57.0,65.5,89.8,99,73.0,82.4
2026-04-11 18:30:20,60.5,65.6,89.9,99,73.0,82.4
2026-04-11 18:30:20,73.8,65.6,89.8,99,73.0,82.4
2026-04-11 18:30:20,57.9,65.5,89.8,98,73.0,82.4
2026-04-11 18:30:21,61.3,65.4,89.8,98,72.0,82.4
2026-04-11 18:30:21,70.6,65.5,89.7,98,72.0,82.4
2026-04-11 18:30:22,65.1,65.5,89.7,98,72.0,82.4
2026-04-11 18:30:22,78.6,66.0,89.6,98,73.0,82.4
2026-04-11 18:30:23,64.2,65.9,89.6,98,72.0,82.4
2026-04-11 18:30:23,65.1,65.9,89.6,98,72.0,82.4
2026-04-11 18:30:24,58.0,65.9,89.6,98,72.0,82.4
2026-04-11 18:30:24,81.7,66.1,89.6,92,73.0,82.4
2026-04-11 18:30:25,54.8,66.0,89.6,92,73.0,82.4
2026-04-11 18:30:25,74.9,66.1,89.6,98,73.0,82.4
2026-04-11 18:30:26,54.1,65.9,89.6,98,73.0,82.4
2026-04-11 18:30:27,76.5,67.0,89.7,97,73.0,82.4
2026-04-11 18:30:27,92.0,67.1,89.7,97,73.0,82.4
2026-04-11 18:30:28,67.8,67.0,89.7,95,73.0,82.4
2026-04-11 18:30:28,62.6,66.8,89.7,95,73.0,82.4
2026-04-11 18:30:28,71.1,66.6,89.7,97,73.0,82.4
2026-04-11 18:30:29,68.3,66.6,89.7,97,73.0,82.4
2026-04-11 18:30:29,57.0,66.4,89.7,98,73.0,82.4
2026-04-11 18:30:30,63.7,66.4,89.7,98,73.0,82.4
2026-04-11 18:30:30,62.0,66.1,89.7,97,73.0,82.4
2026-04-11 18:30:31,63.4,66.0,89.7,97,73.0,82.4
2026-04-11 18:30:31,68.9,66.1,89.8,97,74.0,82.4
2026-04-11 18:30:32,57.2,65.9,89.8,97,74.0,82.4
2026-04-11 18:30:32,62.4,65.8,89.9,97,74.0,82.4
2026-04-11 18:30:33,53.4,65.6,89.8,97,73.0,82.4
2026-04-11 18:30:33,61.7,65.5,89.8,98,73.0,82.4
2026-04-11 18:30:34,54.8,65.3,89.8,98,74.0,82.4
2026-04-11 18:30:35,58.6,65.1,90.2,98,73.0,82.4
2026-04-11 18:30:35,76.9,65.4,90.2,98,73.0,82.4
2026-04-11 18:30:35,66.8,65.3,90.2,97,73.0,82.4
2026-04-11 18:30:36,72.1,65.6,90.2,97,73.0,82.4
2026-04-11 18:30:36,66.9,65.8,90.3,94,73.0,82.4
2026-04-11 18:30:37,61.2,66.0,90.3,94,73.0,82.4
2026-04-11 18:30:37,67.5,65.9,90.3,96,73.0,82.4
2026-04-11 18:30:38,67.8,65.9,89.9,96,73.0,82.4
2026-04-11 18:30:38,65.9,65.8,89.9,94,73.0,82.4
2026-04-11 18:30:39,64.2,65.6,90.0,94,73.0,82.4
2026-04-11 18:30:40,61.3,65.5,89.9,99,73.0,82.4
2026-04-11 18:30:40,72.0,65.5,89.8,99,73.0,82.4
2026-04-11 18:30:40,68.8,65.4,89.8,97,73.0,82.4
2026-04-11 18:30:41,60.8,65.3,89.9,97,73.0,82.4
2026-04-11 18:30:42,78.9,67.1,89.9,96,73.0,82.4
2026-04-11 18:30:42,93.4,67.8,89.8,93,73.0,82.4
2026-04-11 18:30:43,55.4,67.5,89.8,93,73.0,82.4
2026-04-11 18:30:43,60.1,67.4,89.8,94,74.0,82.4
2026-04-11 18:30:44,68.5,67.5,89.9,94,74.0,82.4
2026-04-11 18:30:45,84.0,67.6,90.0,92,73.0,82.4
2026-04-11 18:30:45,94.0,67.8,90.4,90,73.0,82.4
2026-04-11 18:30:46,97.7,68.0,90.8,90,68.0,82.4
2026-04-11 18:30:47,99.0,68.1,90.9,92,73.0,82.4
2026-04-11 18:30:47,100.0,68.1,91.0,92,73.0,82.4
2026-04-11 18:30:47,99.5,68.3,91.1,96,73.0,82.4
2026-04-11 18:30:48,98.5,68.6,91.1,96,73.0,82.4
2026-04-11 18:30:48,89.6,68.8,91.1,96,74.0,82.4
====================,==========,==========,==========,==========,==========
[頗趕賦旰] 2026-04-11 18:30:49,-,-,-,-,-
====================,==========,==========,==========,==========,==========
